Id;slh;hrd;age;cw;sire
  51;3;5;404;204; 5
  52;2;4;406;274; 2
  53;2;3;402;226; 2
  54;3;5;409;236; 6
  55;2;2;394;309; 1
  56;3;3;400;192; 5
  57;2;4;402;280; 9
  58;1;1;397;201; 5
  59;1;4;399;256; 7
  60;1;2;399;287; 3
  61;2;4;395;298; 1
  62;3;4;398;260; 4
  63;1;1;397;187; 1
  64;3;3;404;237; 1
  65;2;2;400;312; 3
  66;2;2;414;313; 8
  67;2;1;394;199; 9
  68;2;1;401;212; 7
  69;1;5;393;227; 7
  70;1;5;403;216;10
  71;2;2;405;313; 1
  72;2;2;401;307; 7
  73;2;1;406;217; 5
  74;2;1;401;218; 3
  75;3;4;392;248; 5
 301;1;3;411;206; 2
 302;2;1;405;210; 9
 303;2;3;395;232; 3
 304;1;4;396;256; 9
 305;2;5;406;241; 4
 306;3;5;403;221; 2
 307;3;1;400;186; 9
 308;3;1;413;205; 4
 309;3;3;396;202; 6
 310;2;4;390;262; 7
 311;3;1;394;200; 6
 312;2;1;402;210;10
 313;1;2;393;265; 9
 314;1;3;401;210; 6
 315;3;3;405;215; 4
 316;1;1;399;199; 2
 317;2;3;402;218;10
 318;3;5;411;242; 5
 319;1;3;405;207; 3
 320;3;2;403;307; 9
 321;2;4;400;285; 6
 322;1;4;401;242; 2
 323;2;1;397;227; 2
 324;1;5;402;213; 2
 325;3;1;406;195; 3
 326;3;4;398;245;10
 327;1;4;390;253; 4
 328;2;5;401;245; 9
 329;1;3;387;196;10
 330;1;1;400;190; 4
 331;3;1;399;178; 7
 332;3;5;400;225;10
 333;1;1;400;207; 1
 334;3;5;396;190; 4
 335;3;3;404;204; 9
 336;2;3;396;221; 4
 337;1;1;400;194; 3
 338;3;1;403;205; 1
 339;3;5;390;219; 7
 340;1;2;404;296; 7
 341;2;2;404;295; 6
 342;1;5;404;217; 5
 343;2;1;394;205; 7
 344;2;4;407;291; 6
 345;2;3;395;215; 9
 346;3;1;397;209; 3
 347;1;4;405;251; 1
 348;1;5;398;210; 1
 349;2;5;397;225; 5
 350;3;3;393;205; 4
 351;3;4;402;263; 9
 352;1;3;405;209; 6
 353;1;5;388;208; 8
 354;2;5;399;232; 4
 355;2;5;412;243; 8
 356;1;5;409;230; 3
 357;1;4;391;240; 9
 358;1;4;398;248; 3
 359;3;3;398;192; 4
 360;3;2;397;285; 4
 361;2;5;402;247; 2
 362;3;5;399;228;10
 363;2;1;401;212; 8
 364;1;3;405;208; 5
 365;2;4;407;287; 3
 366;2;3;403;245; 4
 367;1;5;411;234; 7
 368;2;5;398;258; 5
 369;2;4;404;283; 6
 370;2;5;390;244; 9
 371;3;4;405;260; 2
 372;2;4;393;256; 9
 373;3;1;405;200; 5
 374;2;1;395;218; 2
 375;3;4;397;250; 6
 376;1;2;396;277; 9
 377;1;2;391;283;10
 378;1;1;401;189; 4
 379;2;1;402;211; 4
 380;1;4;401;228; 2
 381;3;4;395;243; 1
 382;2;5;397;228; 7
 383;3;1;395;200;10
 384;2;4;409;254;10
 385;1;2;399;298; 1
 386;2;4;406;270; 6
 387;1;3;393;206; 1
 388;3;3;400;223; 6
 389;1;2;398;290; 8
 390;1;2;398;274;10
 391;1;3;400;191; 3
 392;1;5;400;212; 8
 393;1;3;388;196; 3
 394;2;2;397;303; 1
 395;3;1;407;188;10
 396;3;4;396;269; 2
 397;3;2;403;294; 8
 398;1;2;389;276; 6
 399;1;5;393;207; 3
 400;1;1;398;197; 4
 401;3;1;399;191; 7
 402;1;1;396;178; 4
 403;3;4;403;285; 8
 404;3;2;400;310;10
 405;1;3;398;199; 2
 406;2;3;395;200; 4
 407;3;5;407;227; 4
 408;2;4;407;281; 2
 409;2;3;392;219; 7
 410;3;2;394;290; 3
 411;1;5;401;199; 5
 412;1;1;401;194; 7
 413;2;4;406;277; 1
 414;1;3;403;200; 7
 415;2;2;396;297; 6
 416;2;2;399;308; 3
 417;1;2;399;272; 8
 418;3;1;394;202; 5
 419;3;3;402;200; 2
 420;3;1;392;187; 3
 421;2;2;398;309; 7
 422;2;3;403;216; 3
 423;1;2;401;275; 3
 424;3;2;405;288; 9
 425;1;5;408;240; 8
 426;1;3;397;201; 8
 427;3;2;397;284; 8
 428;2;2;405;323; 1
 429;3;4;404;244; 9
 430;2;1;404;220; 7
 431;2;3;397;220; 4
 432;1;3;403;202; 6
 433;3;4;394;263; 1
 434;3;5;403;221; 4
 435;3;2;397;283;10
 436;1;3;396;217; 3
 437;1;3;398;212; 8
 438;2;3;402;240; 8
 439;1;5;392;225; 7
 440;2;2;411;313; 9
 441;1;3;396;199; 7
 442;2;2;395;297; 5
 443;2;5;405;239; 4
 444;3;4;393;264; 5
 445;3;4;396;275; 2
 446;3;3;397;190; 3
 447;2;1;395;219; 8
 448;2;3;392;215; 4
 449;1;4;396;232; 5
 450;2;1;392;212; 2
 451;2;4;396;264;10
 452;2;2;401;306; 8
 453;3;5;407;229; 7
 454;1;1;410;206; 1
 455;1;4;405;254; 8
 456;3;3;400;205; 9
 457;1;3;389;179; 9
 458;3;3;407;234; 1
 459;1;3;403;207; 1
 460;1;3;402;217; 3
 461;1;2;409;277; 5
 462;2;4;406;284; 3
 463;3;5;402;227; 5
 464;1;2;407;306; 8
 465;3;4;400;251;10
 466;2;2;391;306; 3
 467;3;2;397;288; 8
 468;1;1;414;193;10
 469;3;3;403;214; 2
 470;1;2;403;285; 8
 471;2;4;400;281; 2
 472;2;4;400;282;10
 473;2;5;400;231; 9
 474;3;1;405;203; 5
 475;1;5;402;221; 7
 476;2;3;403;214; 5
 477;2;5;395;223; 9
 478;3;3;392;203; 6
 479;3;4;415;262; 2
 480;2;1;384;203; 5
 481;2;1;400;215; 5
 482;2;1;384;226; 3
 483;1;2;399;283; 5
 484;3;1;405;190; 9
 485;3;3;394;201;10
 486;3;1;405;205; 7
 487;2;5;393;245;10
 488;1;3;411;212; 1
 489;3;5;405;228; 4
 490;2;2;399;296; 6
 491;3;1;400;189; 7
 492;3;4;403;258; 7
 493;3;1;396;196; 7
 494;2;5;403;242; 2
 495;2;2;398;312; 4
 496;3;4;405;263; 1
 497;1;4;397;246; 4
 498;3;2;392;298; 8
 499;2;1;412;236; 4
 500;2;1;408;227; 2
 501;2;4;395;269; 4
 502;1;4;396;243; 4
 503;2;3;406;233; 2
 504;2;2;403;310; 4
 505;1;4;405;256; 6
 506;1;3;404;204;10
 507;1;3;399;201; 1
 508;3;4;403;261; 2
 509;1;5;410;240; 7
 510;2;3;397;224;10
 511;1;3;407;196; 7
 512;1;2;397;269; 2
 513;3;5;400;214; 2
 514;2;4;404;277; 4
 515;1;1;405;187; 6
 516;3;4;403;264; 5
 517;2;3;397;215; 5
 518;3;3;413;217; 2
 519;1;1;403;198; 3
 520;1;5;391;210;10
 521;1;4;400;243;10
 522;3;1;401;205; 2
 523;2;3;406;241;10
 524;3;1;396;198; 4
 525;3;1;397;214; 1
 526;2;5;395;252; 4
 527;3;1;397;200; 2
 528;3;2;395;288; 7
 529;3;5;401;223; 6
 530;1;5;406;204; 4
 531;2;2;398;290; 2
 532;3;3;399;209; 1
 533;2;4;404;270; 1
 534;3;4;408;267; 2
 535;3;4;402;260; 4
 536;1;4;405;247; 9
 537;1;1;405;208; 1
 538;2;2;389;281;10
 539;2;4;410;294; 8
 540;3;2;390;286; 1
 541;1;3;399;192; 4
 542;3;2;396;283; 2
 543;1;1;391;179; 4
 544;1;4;409;279; 1
 545;3;1;402;194; 2
 546;2;3;403;219; 8
 547;3;3;402;207; 6
 548;2;5;399;235; 2
 549;3;2;402;286; 6
 550;1;1;409;208; 6
 556;2;1;409;242; 6
 557;3;5;396;220; 1
 558;2;5;405;238;10
 560;1;2;399;281; 8
 564;2;1;399;210; 8
 568;1;3;401;200; 2
 570;1;1;400;207; 1
 571;2;4;401;303; 4
 577;2;5;396;240; 3
 578;3;2;388;280; 5
 580;2;1;397;218; 4
 581;1;5;409;217; 2
 585;3;3;402;210; 6
 586;1;4;406;266; 8
 588;2;2;403;314; 2
 595;3;1;393;194; 5
 604;1;4;400;273; 1
 609;1;3;401;206; 5
 610;2;1;404;232; 3
 611;1;4;400;264; 8
 612;3;5;395;212; 5
 615;3;3;388;197; 8
 617;2;1;401;223; 5
 622;3;4;396;259; 5
 626;2;1;396;206; 4
 632;1;1;398;196;10
 634;1;2;399;292; 3
 635;3;4;401;256; 4
 636;3;2;394;294; 4
 637;1;2;402;275; 4
 639;1;1;408;199; 8
 640;1;2;403;275;10
 642;2;2;407;318; 7
 650;3;3;409;217; 2
 651;1;5;399;213; 2
 656;2;4;400;283; 7
 658;1;3;406;209; 8
 663;2;4;400;270; 9
 664;2;4;405;270; 5
 669;2;2;391;319; 5
 671;2;3;405;250; 1
 676;1;1;391;186; 4
 680;3;2;398;286; 3
 682;3;1;402;227; 1
 684;3;4;402;253;10
 685;3;4;392;245; 2
 687;1;3;404;216;10
 688;2;3;407;234; 6
 690;2;4;400;283; 8
 693;3;5;401;227; 3
 697;2;2;391;309; 1
 699;2;4;397;261; 2
 701;3;2;397;286; 1
 704;1;3;397;211; 1
 711;3;3;410;202; 6
 713;2;3;401;241; 2
 720;3;5;400;199; 1
 730;3;3;408;208; 6
 742;2;1;407;228; 8
 746;3;1;402;187; 9
 749;3;5;408;233; 1
 751;2;4;400;296; 4
 753;2;1;398;232;10
 754;2;1;388;211; 7
 770;2;1;401;217; 4
 775;2;1;406;220; 6
 777;3;3;394;208; 9
 779;1;5;391;209;10
 783;3;4;385;244; 1
 786;1;3;399;194; 5
 795;2;1;407;226; 8
 797;2;2;397;294; 4
 799;1;5;403;198; 2
 803;1;3;406;204; 2
 806;1;2;404;297; 9
 811;3;5;394;207; 3
 819;3;3;400;212; 9
 820;2;1;405;222; 7
 823;3;5;398;223; 4
 832;3;4;398;275; 1
 841;3;5;397;213; 7
 842;1;1;405;218; 5
 845;2;2;405;299; 9
 853;1;4;399;265; 8
 860;2;3;402;212; 4
 861;1;4;393;244; 4
 864;2;1;388;205; 1
 866;3;2;403;293; 8
 877;2;2;396;317; 3
 878;3;4;397;246; 8
 880;3;3;395;182;10
 884;2;3;395;220; 5
 890;3;4;407;274; 7
 892;1;3;400;182;10
 897;2;1;397;232; 3
 898;3;1;404;204; 7
 899;3;3;404;215; 3
 900;2;2;396;273; 5
 905;2;3;396;231; 1
 910;2;1;394;224; 7
 914;3;2;399;304; 3
 926;3;1;409;202; 5
 928;2;2;405;303; 3
 934;3;3;403;200; 1
 936;2;1;400;211; 2
 937;3;5;400;220; 1
 940;1;2;406;274; 5
 941;3;5;398;229; 4
 944;2;2;404;318; 6
 945;3;3;393;219; 2
 946;1;2;400;291; 5
 949;1;1;391;195; 7
 950;2;2;401;303; 4
 952;2;5;400;242; 2
 953;2;3;402;224; 4
 954;1;5;401;217; 7
 959;2;3;401;227; 2
 963;1;2;405;282; 5
 965;1;3;397;209;10
 969;3;2;401;292; 4
 970;3;2;397;293; 6
 971;3;2;398;283; 9
 973;2;3;397;244; 7
 975;1;2;410;306; 7
 977;3;1;403;201;10
 982;3;1;393;181; 9
 986;2;4;403;273; 2
 990;3;3;396;210;10
 994;2;3;401;234; 5
 995;3;1;402;202; 8
1001;3;1;404;201; 4
1007;3;1;411;217;10
1009;2;2;406;297; 4
1010;2;3;410;234; 4
1011;2;2;395;290;10
1012;1;4;397;253; 5
1017;2;2;397;299; 8
1019;3;1;389;196; 9
1021;1;3;400;217; 4
1022;2;5;400;230; 3
1028;3;5;395;228; 7
1035;2;3;402;224; 5
1036;3;4;403;262; 5
1040;2;4;391;258; 4
1041;1;4;397;250; 7
1042;2;3;389;228; 2
1049;2;5;398;246; 9
1053;1;3;406;217;10
1060;1;4;404;247; 5
1065;3;3;407;204; 2
1067;3;2;397;295; 6
1068;2;3;396;217; 2
1070;3;4;403;267; 7
1073;2;5;397;249; 9
1075;2;4;397;273; 5
1077;1;3;398;212; 2
1079;2;4;409;274; 2
1080;3;1;398;203; 1
1088;1;3;401;202; 3
1096;1;4;401;258; 8
1101;1;3;400;193; 6
1102;3;2;393;278; 7
1107;3;2;393;305; 6
1108;1;1;400;193; 8
1109;1;4;401;266; 6
1115;1;4;407;252;10
1118;1;3;398;218; 1
1122;2;1;398;213; 4
1124;2;4;405;278; 2
1126;1;5;401;216; 5
1127;1;4;400;254; 9
1129;3;4;401;250; 6
1132;3;2;409;272; 9
1134;3;4;390;251; 3
1138;3;4;401;278; 6
1139;1;5;401;217; 9
1140;2;1;394;236; 3
1147;1;2;401;278; 2
1161;3;4;402;248; 9
1165;3;4;398;257; 4
1166;3;1;406;195;10
1167;2;1;403;225;10
1172;1;2;392;270; 3
1181;1;2;411;298; 4
1183;1;2;399;253;10
1185;3;2;399;306; 9
1189;2;4;396;255; 5
1191;3;3;399;204; 8
1192;3;4;402;254; 5
1193;3;5;393;211; 3
1195;3;4;406;246; 8
1197;2;1;404;209; 1
1200;1;3;381;188;10
1212;2;2;401;306; 6
1213;2;5;397;225; 4
1218;3;2;394;278; 3
1223;1;2;403;272; 9
1225;2;4;404;281; 4
1231;2;3;404;234; 3
1239;3;4;401;265; 1
1242;1;2;400;270; 5
1244;1;3;401;203; 1
1252;1;5;405;220; 6
1255;3;1;398;190; 3
1260;2;3;397;233; 8
1262;1;4;391;259; 1
1268;1;4;398;262; 8
1271;2;4;401;285;10
1277;1;2;405;285; 6
1279;3;5;397;230; 6
1280;2;3;389;225; 8
1285;3;4;394;244; 3
1287;3;4;404;260; 7
1290;1;1;398;191; 4
1298;3;2;399;286; 5
1299;3;2;398;279; 9
1303;1;1;407;199; 1
1305;2;5;419;238; 4
1306;2;2;397;321; 8
1307;3;3;395;206; 5
1308;1;3;400;212; 8
1311;3;1;399;210; 7
1318;2;3;396;213; 6
1319;2;3;395;220; 9
1320;3;5;397;211; 2
1322;2;3;406;238; 4
1327;2;5;393;233; 3
1330;1;1;395;181; 9
1333;1;1;394;189; 2
1337;3;4;412;267; 2
1338;3;2;394;264; 4
1339;3;3;402;228; 8
1342;3;3;391;232; 3
1343;1;4;399;250; 6
1347;2;4;401;261; 5
1349;3;4;405;273; 9
1354;3;2;397;297; 6
1356;2;3;398;214; 7
1359;1;3;399;190;10
1364;3;1;393;198; 8
1368;3;1;400;191; 1
1379;3;2;407;285;10
1380;1;2;393;282; 9
1387;2;5;400;237; 1
1392;2;1;413;228; 8
1393;2;1;397;201; 9
1399;1;5;396;232; 5
1403;2;3;395;212; 7
1406;1;4;397;256; 3
1408;3;5;394;226; 5
1411;1;1;405;199; 1
1418;2;5;395;231; 1
1422;3;3;413;227; 3
1423;1;4;396;256; 6
1428;2;5;400;230; 1
1429;2;1;400;225; 3
1435;3;3;397;230; 5
1439;2;4;395;265; 9
1441;1;3;408;215; 8
1453;3;2;407;300; 5
1458;2;3;406;236; 6
1459;2;4;404;279; 1
1461;2;1;397;224; 7
1464;1;3;401;206; 8
1466;3;1;392;204;10
1474;2;5;400;239; 5
1476;2;5;403;222; 1
1478;3;2;398;288; 8
1479;2;3;398;241; 1
1480;2;3;396;231; 2
1483;1;1;392;197; 9
1488;2;4;394;286; 8
1495;3;4;409;264; 7
1500;3;4;395;252; 8
1502;2;3;398;240; 5
1503;3;4;402;267; 3
1505;1;4;404;244; 1
1508;1;5;402;199; 8
1509;2;2;394;285; 5
1513;3;3;404;225; 6
1515;3;2;397;293; 5
1526;1;3;403;191; 2
1531;3;4;393;246;10
1532;1;4;404;254; 4
1536;2;3;405;232; 6
1539;3;1;391;195; 3
1544;3;5;400;210; 2
1545;2;1;403;227; 6
1546;2;1;405;230; 2
1547;1;3;406;221; 8
1552;2;3;401;217; 7
1555;2;4;396;281; 1
1557;1;4;394;252; 9
1558;1;2;402;291;10
1560;2;5;395;245; 2
1561;2;3;405;232; 4
1569;2;3;401;231; 5
1574;2;4;400;266; 2
1575;1;2;398;291; 8
1577;2;3;399;227; 5
1579;1;1;408;198; 6
1582;2;3;402;228; 2
1587;2;1;406;235; 8
1593;3;5;395;215; 5
1594;3;4;399;261; 2
1598;1;5;404;218; 7
1599;2;4;407;280; 1
1603;1;5;405;210; 3
1612;1;3;403;219; 1
1614;1;1;400;197; 2
1616;3;5;402;224; 1
1619;1;4;405;267; 8
1631;2;1;398;209; 2
1633;1;4;404;256; 5
1639;2;2;404;313; 9
1646;1;2;406;297; 7
1650;3;4;399;268; 2
1651;1;3;405;211; 4
1653;2;5;405;253; 9
1655;1;3;400;212; 8
1656;1;4;394;265;10
1665;3;5;407;218; 3
1672;3;2;401;283; 9
1676;2;5;395;236; 3
1679;1;1;401;214;10
1680;3;2;398;280; 9
1682;3;3;397;202; 2
1683;2;4;404;259; 5
1685;2;3;407;237; 8
1687;1;1;393;184; 7
1688;1;3;396;196;10
1692;3;4;401;261; 8
1693;2;2;397;299; 1
1695;3;5;410;213; 5
1705;2;4;399;274; 2
1717;3;1;408;179; 1
1721;3;5;401;231; 5
1725;2;4;402;293; 4
1733;3;2;404;294; 1
1736;2;2;399;299; 3
1737;1;2;405;284; 6
1745;3;3;395;220; 9
1746;3;5;392;219;10
1755;1;2;398;282; 9
1758;3;3;410;219; 6
1763;3;5;402;219; 9
1765;1;1;403;210; 8
1767;1;1;404;205; 7
1768;3;3;394;205; 6
1769;1;3;395;199; 6
1775;1;2;397;286; 2
1780;1;5;405;224; 7
1784;3;2;396;301; 5
1790;1;5;409;200; 9
1796;2;1;403;223; 3
1800;1;3;399;194;10
1801;2;2;403;311;10
1802;2;1;400;215; 6
1807;2;2;392;297; 9
1808;1;1;398;203; 1
1811;1;3;396;206; 4
1814;3;2;397;296; 6
1816;3;1;405;211; 6
1817;2;2;403;332; 3
1821;1;2;407;295; 9
1826;3;3;392;222; 3
1827;1;3;407;215; 8
1828;2;5;407;228; 2
1831;1;5;407;195; 5
1832;3;5;394;218; 8
1833;1;3;409;210; 5
1837;3;5;399;220; 7
1841;1;1;395;190; 2
1851;1;1;415;208; 6
1853;3;4;401;261; 7
1854;3;5;402;220; 8
1859;3;3;392;199; 4
1861;2;4;396;276; 8
1865;3;4;399;258; 8
1868;3;4;388;258; 7
1873;2;1;389;224; 6
1877;3;4;396;270; 2
1881;3;3;399;204; 7
1882;1;2;389;276; 7
1885;3;3;404;195; 3
1889;1;4;400;256; 4
1890;2;4;406;272; 3
1891;1;4;407;246; 2
1893;2;3;404;219; 6
1894;2;4;407;264; 4
1902;1;5;401;224; 3
1903;1;3;396;188; 4
1907;2;3;395;208; 3
1909;2;4;405;292; 9
1911;1;4;394;258; 4
1915;1;2;399;283; 6
1919;2;3;400;231; 4
1923;2;4;402;290; 3
1924;2;1;393;212; 9
1929;3;1;397;187; 8
1939;1;5;412;206; 4
1940;2;4;398;279; 1
1941;3;5;403;227; 6
1943;2;4;398;284; 8
1945;3;2;389;275;10
1946;3;5;406;226; 2
1947;3;2;402;292; 2
1969;3;5;393;204; 7
1972;2;4;400;266; 1
1975;3;2;400;287; 7
1979;3;3;396;207; 3
1984;1;2;404;295; 9
1991;3;4;396;254; 1
1992;1;2;402;281; 1
2008;1;5;395;205; 5
2011;3;1;401;190; 4
2014;2;4;403;285; 8
2017;2;2;406;303; 2
2022;3;2;402;284; 9
2032;1;4;404;256; 4
2040;1;1;395;184; 1
2042;2;2;405;342;10
2051;3;1;397;188; 3
2054;1;3;398;203; 1
2055;2;1;401;221; 2
2063;1;1;393;190;10
2067;3;1;392;200; 8
2070;3;3;397;208; 7
2072;3;4;399;260; 2
2073;3;2;394;283; 2
2081;3;2;401;283; 7
2083;3;2;400;276;10
2085;2;4;394;288; 9
2088;2;3;399;228; 8
2090;2;2;417;324; 2
2093;3;3;405;220; 8
2098;2;5;408;236; 4
2104;2;1;402;216; 4
2107;1;2;397;274; 6
2118;2;4;392;261; 2
2119;2;3;395;218; 6
2126;1;2;409;299; 9
2128;3;5;405;225; 1
2137;1;4;404;264; 3
2138;3;5;410;234; 5
2145;1;4;394;256;10
2147;3;4;400;253; 3
2148;3;1;397;190; 9
2152;3;4;401;246; 9
2154;2;4;394;288; 7
2157;1;4;400;262; 6
2159;2;1;413;229; 6
2161;3;1;403;191; 4
2162;1;2;399;288; 7
2165;3;5;397;224; 6
2168;1;5;409;246; 2
2172;3;2;394;281; 3
2175;2;5;410;240; 8
2177;3;1;399;205; 7
2178;1;1;395;177;10
2180;3;3;392;211; 8
2184;2;4;401;292; 6
2185;2;1;406;223; 4
2189;3;4;412;269;10
2191;3;5;398;218;10
2193;2;2;399;307; 5
2195;3;4;397;257; 3
2203;1;4;406;255; 7
2204;1;1;403;209; 8
2212;2;5;399;243; 6
2216;3;2;396;266; 4
2221;1;1;396;204; 5
2222;3;4;399;267; 2
2230;3;5;409;220; 8
2231;3;1;394;176; 2
2232;1;4;401;261; 6
2234;2;4;400;268; 2
2236;2;4;397;292; 5
2240;1;3;411;220; 1
2241;3;2;401;301; 5
2242;3;5;397;209; 3
2243;1;1;390;189; 7
2244;2;4;400;279; 3
2245;3;5;412;228; 6
2246;2;3;402;240; 2
2247;2;4;400;274; 8
2253;3;1;398;199; 7
2254;2;4;401;274; 9
2257;1;4;407;263; 9
2258;1;5;406;226; 4
2262;3;5;393;208; 6
2263;3;5;396;218; 9
2267;3;4;398;246; 3
2268;3;5;403;209; 7
2270;1;2;405;290; 4
2272;2;3;394;232; 7
2275;2;3;406;215;10
2283;1;5;399;231; 7
2285;2;5;403;240;10
2292;1;2;397;284; 4
2297;2;3;404;226; 2
2303;1;3;395;214; 1
2304;3;1;395;186;10
2306;1;1;406;206; 4
2307;2;2;403;307; 3
2309;2;5;401;253; 7
2311;1;3;403;210;10
2313;1;3;408;212; 5
2318;2;1;390;217; 1
2319;3;5;394;212; 1
2325;2;1;397;219; 6
2335;3;2;395;301; 3
2337;2;2;394;288; 5
2341;1;4;404;249; 6
2343;2;1;402;233; 6
2344;1;5;391;206; 2
2346;1;5;399;210; 5
2347;1;4;404;270; 3
2350;1;4;398;246; 8
2351;2;5;400;240; 9
2352;3;1;402;202; 2
2353;3;3;396;191; 5
2355;3;5;403;215; 1
2356;1;4;396;260; 8
2358;3;4;395;269; 6
2370;1;5;401;222; 8
2379;3;2;396;286; 4
2381;1;5;403;218; 5
2383;1;3;406;211; 6
2384;2;5;406;240; 5
2387;2;5;403;255; 1
2389;3;3;399;202; 7
2391;1;5;400;226; 8
2395;3;3;392;197; 8
2396;3;2;398;294;10
2397;3;1;390;208; 8
2400;1;1;405;199; 9
2404;1;3;394;204; 5
2412;2;3;407;232; 5
2413;1;5;403;196; 4
2418;1;5;407;237; 1
2423;2;3;413;245; 1
2424;3;3;396;193; 3
2431;3;1;404;217; 1
2433;1;4;397;265;10
2436;3;5;392;218; 2
2438;3;1;397;202; 4
2452;3;4;409;286; 8
2453;3;2;383;279; 1
2455;3;3;394;210; 4
2457;3;4;401;261;10
2459;3;4;405;256; 4
2462;2;3;397;229; 1
2464;2;1;402;227; 3
2466;2;4;393;281; 5
2477;2;4;405;264;10
2480;1;3;402;204;10
2482;2;1;406;227; 2
2490;1;2;405;300; 3
2495;2;1;395;212; 6
2499;1;1;399;194; 5
2504;1;1;400;205; 8
2509;2;3;397;232; 7
2515;2;2;403;323; 1
2517;2;2;398;310; 1
2522;3;2;403;278;10
2534;3;1;399;180; 1
2541;2;1;400;210; 7
2547;3;2;402;304; 8
2549;3;5;399;222; 5
2565;3;4;394;271; 3
2568;2;3;403;239; 1
2571;3;2;396;267; 7
2584;3;3;405;209;10
2586;3;4;403;252; 4
2587;1;5;391;205; 9
2590;3;4;395;253; 4
2593;1;1;397;193; 7
2595;2;1;399;227; 9
2604;1;1;401;200; 5
2608;2;5;394;250; 5
2609;3;3;394;205; 9
2612;1;3;391;203; 8
2613;3;1;393;221;10
2615;2;4;400;287; 5
2617;1;5;399;222;10
2618;2;3;400;230; 3
2620;1;1;398;213; 3
2626;2;3;393;217;10
2628;1;5;399;219; 5
2629;2;4;397;245; 2
2633;3;2;402;288; 6
2636;1;4;406;271; 1
2641;1;3;398;208; 9
2648;2;5;404;245;10
2653;3;3;392;210;10
2655;2;5;405;232; 2
2656;1;1;396;180; 9
2659;1;2;407;299; 8
2672;1;4;403;268; 7
2675;2;4;395;269; 3
2676;2;4;400;274; 2
2679;1;2;398;281; 9
2680;1;4;403;245; 4
2689;2;4;391;259; 5
2695;1;1;405;191; 1
2696;1;2;396;266; 4
2698;1;2;401;303; 1
2700;2;4;406;272; 4
2701;1;1;399;186; 2
2707;3;5;393;210; 7
2709;3;5;393;220; 2
2714;2;3;400;238; 3
2715;1;1;399;198; 7
2719;2;2;403;302; 7
2722;2;1;411;220; 5
2729;1;3;405;208; 3
2731;2;1;399;214; 8
2734;2;3;403;232; 3
2740;2;3;406;233; 2
2743;1;1;394;204; 7
2745;1;5;398;194; 2
2749;3;4;404;252; 5
2751;2;5;399;255;10
2754;2;3;404;223; 3
2759;1;1;402;186; 4
2760;1;2;406;299; 9
2763;1;5;409;215; 5
2771;1;4;403;256; 2
2774;2;2;402;318; 7
2775;1;1;410;200; 4
2781;2;2;389;301; 7
2786;1;4;394;266; 1
2787;1;4;400;260; 6
2790;1;3;390;194; 2
2792;1;5;409;216; 1
2794;1;1;397;197; 9
2796;1;3;398;202; 1
2800;2;3;410;232; 7
2801;2;5;401;240; 8
2803;1;5;388;195; 6
2804;3;2;397;268; 5
2805;3;5;391;209; 7
2806;3;4;397;255; 7
2808;3;2;405;287; 7
2809;2;4;394;281; 8
2818;1;1;399;198; 4
2819;2;5;399;229; 3
2833;1;4;390;232; 4
2846;3;2;397;295; 9
2873;2;3;395;211; 5
2875;1;3;409;200;10
2879;3;4;407;271; 2
2880;3;2;398;286; 6
2882;1;4;396;246; 5
2884;1;5;404;215; 2
2897;2;1;395;217;10
2901;1;2;403;287; 1
2905;3;2;404;300; 3
2906;1;3;411;209; 4
2907;3;1;390;177; 9
2908;1;4;385;237; 8
2910;2;5;393;251; 8
2913;2;5;396;235; 6
2922;2;3;387;214; 9
2924;3;3;406;195; 2
2925;1;2;393;284; 2
2929;2;5;391;221; 3
2930;2;5;401;238; 1
2932;1;1;398;207; 3
2933;1;5;398;228; 7
2935;2;1;406;234; 5
2937;1;3;397;215; 3
2938;1;5;401;232; 3
2939;2;3;400;223; 6
2941;2;5;399;244; 1
2942;2;5;406;239; 9
2944;1;4;402;258; 6
2957;3;4;403;264; 9
2958;3;3;399;214; 3
2959;3;5;410;240; 8
2960;2;5;396;232;10
2970;2;1;401;213; 1
2972;2;2;401;297; 3
2973;3;5;409;236; 9
2976;2;1;399;213;10
2977;3;5;404;217; 8
2983;1;3;394;196; 6
2984;3;5;399;211; 5
2989;1;3;396;218; 1
2999;3;4;391;247; 3
3001;2;3;404;231; 8
3009;3;4;409;254; 6
3011;1;4;394;274; 2
3012;1;1;398;202; 1
3014;2;5;402;255;10
3020;1;3;399;205; 3
3025;3;3;406;217; 3
3026;3;1;401;203; 1
3043;3;3;395;225; 4
3044;2;2;393;300; 4
3048;1;2;401;283; 9
3050;2;4;409;306; 7
3051;3;1;402;197;10
3052;2;1;407;223; 4
3053;1;1;403;202; 3
3057;2;5;401;246; 3
3063;3;1;399;197; 3
3066;1;1;399;186; 1
3072;1;3;404;219; 2
3075;2;3;409;233; 2
3081;2;4;408;262; 1
3083;1;1;395;199; 1
3087;2;5;404;245; 7
3088;1;2;399;285;10
3089;3;3;391;209; 7
3091;2;4;392;280; 5
3092;3;5;392;231; 6
3093;3;5;402;225; 8
3096;2;3;404;238; 3
3099;1;2;399;272; 8
3101;3;4;408;253;10
3105;1;1;401;192;10
3120;2;2;397;310; 7
3121;1;3;402;195; 4
3126;2;4;404;277; 3
3127;3;4;396;260; 7
3129;1;1;382;198; 6
3138;3;2;407;305; 4
3140;2;3;405;234; 6
3151;2;2;394;303; 6
3156;3;1;389;191; 3
3157;3;2;397;290; 4
3160;1;1;401;206; 2
3161;3;2;396;283; 8
3166;2;3;403;236; 2
3167;1;2;403;286; 6
3168;3;5;396;228; 4
3170;2;5;405;248; 8
3171;2;4;403;281; 9
3177;3;2;402;302; 3
3189;3;2;399;277; 5
3191;1;3;395;202; 5
3192;2;2;397;304;10
3193;2;4;398;285; 6
3200;2;5;397;250; 4
3204;3;1;403;207;10
3205;3;4;398;257; 6
3213;2;2;405;314; 4
3214;3;5;395;211; 5
3220;1;5;403;210;10
3224;3;5;396;211; 7
3237;2;1;400;234; 4
3238;2;5;404;241;10
3241;1;3;395;204; 4
3243;2;3;405;224; 4
3246;2;2;400;289;10
3256;2;3;410;250; 1
3258;3;1;397;192; 2
3263;3;5;404;213; 4
3269;1;1;394;165; 3
3270;2;2;408;320; 1
3275;2;3;396;204; 6
3278;2;5;389;239; 4
3282;1;5;398;220; 3
3284;1;5;401;237; 2
3289;3;2;399;276; 2
3290;3;2;401;286; 9
3291;3;3;391;205; 8
3292;1;4;403;256; 5
3295;2;3;400;214; 7
3296;3;5;398;214; 4
3297;3;1;398;198; 6
3298;1;4;395;247; 9
3299;3;5;392;216;10
3302;3;4;403;268; 3
3303;3;4;393;259; 4
3309;2;1;401;212; 6
3317;1;5;401;216; 5
3320;1;3;397;200; 9
3321;3;4;396;239; 6
3327;1;5;394;228; 9
3330;1;4;410;262; 7
3331;3;1;398;187;10
3333;3;4;401;270; 4
3336;2;2;403;310; 9
3338;2;5;396;228; 4
3339;2;4;400;266; 6
3341;2;3;402;237; 6
3342;3;4;406;263; 4
3343;1;4;402;260; 8
3348;3;2;397;284; 1
3353;2;5;405;257; 4
3354;3;4;397;257; 5
3357;3;1;390;200; 2
3359;3;2;397;297; 6
3361;1;1;403;196; 9
3363;2;3;400;250; 8
3367;1;3;398;209; 1
3368;3;4;400;269; 7
3369;3;4;385;232; 5
3374;2;5;402;248; 6
3377;1;1;406;215; 6
3378;2;3;396;207; 9
3381;3;1;397;210; 9
3382;3;5;411;233; 9
3385;2;5;401;237; 5
3388;3;2;410;305; 3
3389;3;5;398;226; 8
3392;1;2;401;282; 3
3393;3;2;403;290; 4
3394;1;1;393;182; 1
3396;1;2;402;272; 5
3397;3;1;403;204; 5
3400;3;5;403;224;10
3404;3;5;399;219; 6
3405;3;5;396;220; 2
3408;2;1;404;208; 7
3413;1;1;403;208; 1
3414;2;1;402;205; 9
3415;3;5;398;241; 1
3424;3;2;404;289; 7
3425;3;2;393;281; 9
3428;2;2;406;313; 5
3429;1;2;403;297; 6
3431;2;3;409;233; 3
3434;1;5;391;214; 1
3445;3;4;397;260; 6
3448;2;4;409;281; 9
3453;1;2;395;262; 9
3455;1;2;402;280; 5
3457;3;5;409;228; 3
3463;1;1;399;211; 6
3464;1;4;400;256; 7
3467;3;1;402;211; 3
3473;1;4;402;244; 9
3479;1;2;399;290; 8
3480;3;1;392;188; 2
3482;3;3;396;200;10
3486;2;2;404;303; 5
3493;1;5;398;203;10
3496;1;5;394;221; 6
3500;2;2;397;308; 3
3503;3;1;391;209; 6
3506;3;2;398;287; 5
3507;1;2;400;288; 3
3514;1;4;404;259; 2
3515;1;1;396;188; 7
3518;1;2;400;308; 1
3523;3;4;399;257;10
3524;1;2;409;293; 2
3525;1;2;410;299; 2
3526;2;2;399;310; 5
3531;2;5;400;237; 4
3532;1;4;400;254; 8
3539;3;5;394;228; 3
3541;2;5;395;233; 1
3543;1;4;410;258; 9
3544;1;1;395;180; 4
3547;3;2;403;295; 2
3551;2;2;399;305; 3
3554;2;3;403;244; 9
3568;2;3;399;222; 9
3570;1;4;395;237; 9
3577;1;4;402;269; 4
3588;2;5;394;235; 7
3590;2;5;397;225; 4
3604;3;1;407;202; 4
3607;2;3;393;218; 8
3609;1;5;397;208; 4
3610;3;1;406;192;10
3611;3;1;411;216; 2
3614;1;3;400;204; 7
3616;1;4;398;257; 7
3620;1;5;408;221; 3
3621;2;5;403;241;10
3623;1;3;398;185; 3
3634;3;4;396;242; 7
3636;1;1;401;191; 4
3637;1;2;401;283; 2
3642;1;3;393;212; 8
3649;3;2;401;309; 1
3650;1;5;398;221; 7
3654;3;3;390;212; 3
3658;2;1;396;217; 3
3664;3;3;405;217; 5
3665;2;1;405;229; 2
3672;2;2;403;301; 6
3673;3;3;405;196; 3
3686;2;1;401;195; 5
3691;3;1;398;191; 6
3692;1;2;398;279; 6
3693;3;3;392;208; 5
3698;3;2;403;280; 8
3706;2;5;409;260; 6
3707;3;1;396;184; 5
3712;1;5;402;201; 6
3715;1;3;404;204; 4
3719;2;3;398;216; 2
3720;3;1;396;170; 3
3728;2;1;407;213; 3
3738;1;3;401;216; 4
3739;2;2;402;324; 3
3741;1;5;408;225;10
3743;3;3;398;204; 9
3745;2;3;409;237; 2
3748;2;2;399;310; 2
3752;1;5;405;202; 4
3756;2;4;406;295; 1
3758;3;4;402;256; 9
3763;2;4;404;286; 3
3766;3;5;406;227; 3
3767;1;5;405;229; 7
3768;2;4;404;284; 9
3770;3;5;400;224; 6
3774;2;5;398;224; 9
3780;1;5;401;211; 4
3781;1;1;398;174; 5
3783;1;2;404;285; 8
3789;2;4;401;287; 7
3793;3;2;396;290; 1
3799;2;1;413;225; 9
3800;1;4;399;240; 3
3804;2;4;404;286; 6
3809;2;2;391;289; 5
3810;1;1;397;203; 9
3814;3;2;400;294; 6
3816;2;4;408;275; 1
3817;3;1;395;201; 4
3826;2;4;408;299; 7
3831;2;1;396;218; 6
3832;3;1;404;194; 7
3836;1;4;400;241; 2
3840;3;2;399;285; 7
3843;3;2;403;280; 4
3847;1;2;399;286; 8
3850;2;4;406;271; 9
3851;3;4;394;268; 1
3854;2;1;402;225; 6
3858;3;3;401;179; 5
3863;2;4;411;292; 3
3866;3;1;394;203; 7
3868;1;5;399;216; 7
3870;1;5;392;205; 7
3872;2;3;401;226; 4
3873;1;1;408;197; 7
3878;1;4;400;243; 7
3882;3;4;412;274; 9
3883;2;3;398;216; 2
3888;3;5;394;215; 7
3891;3;5;396;212; 8
3897;3;5;392;201; 6
3899;2;2;400;313;10
3901;2;2;392;309; 2
3902;1;3;392;211; 3
3903;1;1;406;210; 1
3904;2;4;400;268; 9
3905;2;2;405;304;10
3913;1;2;406;317; 8
3918;1;3;396;207; 2
3924;3;2;414;323; 2
3925;1;1;404;188; 1
3929;3;1;399;208; 9
3931;2;1;404;214; 1
3943;3;3;402;205; 5
3950;3;3;396;210; 3
3952;1;2;400;279; 7
3955;1;5;400;222; 6
3962;1;5;402;211; 7
3966;3;2;406;306; 5
3970;3;3;401;211; 2
3971;2;1;382;211;10
3972;1;1;396;189; 5
3974;1;4;402;251; 6
3976;2;5;399;257; 7
3991;1;2;394;278; 9
3992;2;1;399;207; 7
3994;3;5;397;217; 9
4002;2;4;401;273; 6
4005;2;4;402;276; 1
4008;1;5;405;221; 6
4010;2;5;404;227; 6
4018;3;4;405;283; 1
4019;2;1;393;223; 4
4021;2;3;403;229; 3
4024;3;5;407;206; 6
4027;1;3;403;217; 6
4029;2;3;406;239;10
4031;2;4;396;257; 9
4035;3;5;398;215; 5
4036;2;3;399;228; 4
4042;2;3;407;216;10
4044;3;1;403;208; 2
4046;3;1;410;202;10
4047;3;1;400;213; 2
4050;2;4;399;280; 1
4053;3;1;402;205; 3
4054;3;5;394;220; 3
4055;1;2;405;273;10
4057;2;4;405;272; 2
4059;3;4;399;273; 8
4060;3;5;397;219; 8
4063;2;2;401;313; 6
4064;3;2;394;289; 8
4065;1;3;394;220; 1
4073;1;4;408;265; 4
4075;1;2;394;282; 1
4077;3;2;400;271; 9
4078;2;5;404;244; 2
4080;1;4;405;262; 3
4082;1;2;397;280; 3
4091;1;5;397;208; 2
4092;3;4;395;244; 7
4093;3;5;396;209; 1
4099;1;1;405;213; 1
4104;2;4;397;283; 1
4105;2;5;402;246; 5
4115;2;1;398;226;10
4118;3;3;395;200; 6
4121;3;3;395;210; 7
4122;3;3;393;212; 6
4130;2;4;401;295; 7
4133;3;3;407;231; 1
4138;1;2;401;300; 8
4143;3;3;394;209; 1
4144;3;1;399;198; 6
4148;2;3;400;224; 4
4151;1;1;399;181; 5
4157;2;5;401;237; 7
4159;3;5;404;223; 8
4164;2;1;404;206; 4
4166;3;2;402;308; 1
4174;2;1;403;248; 1
4175;1;3;401;202; 5
4181;1;1;402;202; 8
4187;2;2;404;309; 4
4190;2;4;399;251; 2
4191;2;5;405;242; 7
4194;1;3;403;204; 2
4195;2;3;411;233; 3
4197;2;1;400;207; 2
4199;3;3;400;212; 4
4201;3;2;400;285; 3
4202;2;5;399;221; 2
4207;2;3;394;230; 6
4213;3;4;400;263; 4
4216;3;3;400;214; 5
4222;2;4;392;249; 5
4223;2;3;410;222; 2
4224;3;1;394;184; 4
4225;1;1;393;209; 7
4228;3;3;402;203; 7
4229;1;1;400;198; 5
4231;1;5;400;213; 3
4241;2;5;391;224;10
4244;2;4;399;287; 7
4252;3;3;400;205; 9
4255;2;2;393;316; 7
4257;3;2;397;298; 8
4259;1;5;404;226; 6
4261;1;3;402;220; 6
4267;3;2;399;279; 5
4269;3;2;399;289;10
4272;2;4;396;272; 6
4273;1;3;398;189; 9
4280;2;2;401;313; 5
4282;2;4;399;270; 5
4287;2;3;399;228; 8
4293;2;5;396;239; 6
4301;2;1;405;232; 2
4304;2;3;405;215; 9
4312;3;3;399;211; 7
4313;2;5;400;243; 5
4316;3;5;400;225; 2
4318;1;4;395;266; 4
4322;1;4;395;249; 9
4327;2;5;393;224; 9
4328;2;2;393;309; 6
4330;3;4;397;247; 3
4333;1;3;406;216; 3
4334;3;3;402;217; 6
4336;3;4;398;258; 6
4338;2;5;404;249; 8
4343;2;1;407;231; 2
4347;2;2;400;298;10
4348;1;2;396;283; 5
4350;3;3;395;215; 1
4353;1;5;404;226; 5
4355;3;2;393;291; 3
4363;3;5;409;236; 1
4371;1;5;404;193; 9
4381;2;2;401;291; 9
4383;1;4;405;257; 4
4386;3;3;407;206; 8
4390;3;3;400;209;10
4393;2;1;395;242; 3
4398;2;4;400;261; 4
4400;2;4;406;296; 1
4401;1;5;396;224; 8
4411;2;5;402;241; 1
4412;1;4;402;257; 4
4418;3;3;389;208; 6
4425;1;1;392;194; 8
4428;2;3;413;237; 8
4436;1;4;400;255; 8
4438;1;3;395;197; 3
4439;2;3;403;234; 4
4444;3;3;411;211; 5
4454;2;4;402;266; 6
4455;3;5;406;229; 3
4460;1;4;397;261; 7
4462;2;5;399;236; 7
4468;1;2;388;284; 9
4469;1;5;391;216;10
4470;2;4;401;278; 7
4471;2;2;411;312; 6
4474;1;3;395;202;10
4476;3;5;395;211; 2
4480;1;4;393;274; 8
4482;2;1;400;214; 5
4492;2;5;400;244; 4
4501;1;5;402;216; 6
4505;3;3;404;202; 2
4514;3;5;395;222; 6
4516;1;3;396;203; 3
4519;1;4;403;249; 5
4520;2;5;394;248; 4
4522;1;3;395;208; 3
4525;3;2;390;282; 1
4527;3;1;410;208; 9
4536;2;1;402;215; 7
4538;1;2;394;290; 6
4554;1;4;397;266; 1
4561;3;4;396;251; 7
4563;3;4;406;265; 3
4564;1;2;396;276; 7
4567;1;3;400;206; 3
4572;2;3;398;232; 8
4576;3;2;393;283; 6
4577;3;4;402;266; 7
4584;1;5;401;217; 1
4585;3;3;402;194; 4
4586;1;5;397;224; 1
4588;1;1;390;192; 4
4591;1;1;412;203; 7
4592;2;5;405;254; 7
4597;2;1;404;229; 1
4601;2;1;393;193; 8
4606;1;1;403;191; 7
4609;3;5;387;201; 6
4611;2;5;404;251; 2
4616;1;1;400;191; 6
4621;1;2;405;285; 4
4622;1;5;403;203; 6
4623;1;4;410;269; 6
4629;1;1;398;184; 4
4631;1;5;396;223; 9
4632;2;4;399;295; 7
4635;2;3;396;216; 5
4637;3;5;409;221; 8
4638;1;5;391;219; 2
4640;2;5;400;237; 8
4646;3;2;396;285; 5
4650;3;5;409;226; 4
4651;1;3;396;207; 5
4653;3;5;395;226; 5
4658;2;3;395;233; 4
4663;1;3;395;203; 9
4667;3;5;392;204; 7
4669;2;4;389;260; 1
4676;2;4;408;293; 9
4677;3;5;399;216; 5
4679;1;3;399;216; 6
4680;3;5;399;222; 5
4683;2;4;409;280; 7
4684;2;3;388;230; 6
4685;3;2;401;293; 5
4688;2;3;401;219; 6
4693;3;4;397;254; 9
4694;2;1;397;213;10
4695;1;1;406;184; 3
4697;3;3;398;195; 2
4705;3;1;409;212; 6
4708;3;1;400;204; 3
4709;1;4;394;263; 7
4711;3;4;396;278; 1
4712;2;4;390;265; 7
4715;3;2;414;301; 5
4717;1;1;401;195; 5
4721;3;1;413;209; 4
4722;3;4;393;261; 8
4724;3;3;397;217; 6
4726;3;1;404;214; 1
4727;3;3;401;217;10
4731;2;3;397;224; 7
4733;1;2;407;284; 7
4738;3;5;396;215; 2
4745;3;3;401;216; 8
4746;1;2;401;287;10
4747;1;2;394;283; 9
4748;1;1;400;175; 6
4749;3;4;406;268; 9
4752;1;2;392;282; 8
4754;1;5;405;223; 6
4755;2;3;402;223; 5
4757;3;2;413;296; 7
4758;2;5;395;234; 5
4761;3;1;392;203; 8
4766;3;2;402;285; 9
4767;1;4;399;252; 5
4770;3;2;403;280;10
4775;1;4;394;250; 8
4777;3;4;412;285; 5
4779;1;2;403;290; 2
4780;1;2;390;302; 8
4783;2;1;403;234; 8
4784;2;4;392;260; 4
4785;2;2;409;329; 3
4789;1;1;407;192; 3
4797;3;2;402;302; 3
4798;1;5;409;229;10
4802;3;3;400;219; 7
4803;1;4;408;282; 1
4809;1;2;417;285; 4
4810;1;2;404;277; 5
4817;3;1;398;225; 8
4820;3;5;404;233;10
4830;3;4;406;255; 4
4833;2;3;401;235; 2
4840;1;2;400;272; 9
4843;3;4;397;253; 6
4845;2;4;404;287;10
4846;2;5;407;250; 7
4848;2;5;397;232; 5
4863;3;4;402;256; 4
4865;3;5;402;216; 4
4867;1;4;409;249; 4
4872;2;2;403;312; 1
4876;3;1;402;208; 7
4878;3;5;394;213; 2
4879;1;4;406;233; 2
4886;1;2;398;290; 3
4887;3;2;400;286; 5
4888;1;5;417;214; 9
4899;2;3;403;218; 3
4905;1;4;401;260; 9
4906;2;5;398;234; 3
4910;3;5;400;225; 8
4912;3;3;404;219; 1
4916;2;5;399;240; 9
4918;2;1;395;222; 2
4919;2;3;401;232; 5
4922;2;1;401;209; 2
4927;1;5;395;201;10
4928;1;4;391;237; 2
4929;3;2;397;293; 9
4930;3;2;399;301; 8
4942;2;2;396;297; 4
4947;1;3;409;207; 7
4950;1;3;401;219; 1
4953;3;2;400;280; 9
4954;1;5;400;216;10
4957;1;4;409;260; 7
4958;3;2;400;292; 6
4959;3;4;406;255; 4
4960;3;3;400;214;10
4962;2;5;400;232; 1
4963;3;2;401;278; 5
4968;2;2;402;297; 4
4971;1;4;399;261; 3
4972;1;3;407;230; 9
4976;1;3;401;206; 9
4983;2;2;398;302; 4
4984;1;4;393;251; 2
4988;1;5;400;219; 3
4990;2;4;396;271; 6
4998;2;2;404;313; 2
4999;3;1;401;190; 6
5004;3;1;394;203; 3
5005;2;2;398;297; 5
5006;1;3;403;216;10
5007;2;3;399;232; 9
5009;3;4;401;264;10
5012;3;2;395;269; 6
5015;3;1;408;213; 9
5020;2;5;408;227; 4
5022;3;4;406;255; 2
5025;3;5;407;246; 7
5026;3;3;403;230; 5
5029;1;2;393;272; 9
5031;1;5;399;216; 1
5033;3;3;406;211; 5
5038;2;4;403;294; 3
5043;2;1;402;226; 1
5044;2;1;393;226; 2
5047;1;1;393;202; 8
5052;2;4;391;271; 5
5058;1;1;392;190; 4
5059;1;2;405;282;10
5068;3;5;401;222; 2
5070;2;4;395;287; 3
5094;2;1;402;225; 3
5100;2;2;405;305; 2
5105;2;4;398;270;10
5110;3;1;391;216; 8
5113;3;3;403;222; 1
5118;1;4;401;258; 7
5120;2;1;418;229; 8
5124;1;1;404;205; 2
5128;1;2;399;283; 6
5137;1;2;400;293; 7
5138;3;4;403;266; 9
5147;1;5;413;232; 1
5148;1;1;386;194; 7
5150;2;1;399;222; 5
5153;1;5;400;198; 5
5159;2;4;400;284; 2
5170;2;1;398;211; 2
5171;2;2;400;303;10
5174;3;5;396;223; 5
5185;3;2;392;279; 9
5191;2;1;394;216; 5
5196;2;4;395;279;10
5198;3;2;379;281;10
5201;2;1;400;222; 9
5202;2;2;393;311; 3
5203;3;4;395;260; 8
5208;2;2;385;281;10
5209;3;3;405;223; 5
5213;1;2;399;291; 2
5219;3;5;406;232; 8
5220;3;5;394;222; 4
5222;3;3;399;203; 7
5224;1;2;414;271; 4
5234;2;2;397;297; 7
5235;3;5;404;222; 8
5238;1;1;398;183; 7
5239;2;4;405;271; 5
5242;3;5;401;220; 8
5244;3;5;408;232; 1
5252;3;1;389;189; 9
5253;1;5;403;231; 2
5256;1;2;395;297; 3
5264;1;2;415;295; 5
5268;2;2;399;309; 2
5269;2;4;403;290; 6
5274;3;5;397;230; 7
5275;1;1;400;196; 7
5284;2;2;404;324; 2
5285;3;4;406;266;10
5292;2;2;401;309; 2
5294;2;1;399;224;10
5295;2;4;406;274; 1
5297;1;5;405;214; 4
5298;1;1;405;207; 1
5306;1;3;401;209; 1
5310;3;2;394;287; 6
5317;2;1;410;226; 1
5318;2;1;402;210; 4
5323;2;2;404;320; 7
5324;1;3;400;200; 3
5325;1;1;401;197; 9
5327;2;1;403;215; 3
5328;3;4;405;256; 2
5329;2;5;402;227; 2
5331;1;5;408;213; 2
5332;2;5;401;234;10
5335;1;1;391;178; 4
5337;2;1;398;207; 4
5339;2;3;410;233; 2
5342;2;5;400;249; 1
5346;3;1;397;195; 4
5347;1;5;391;218; 2
5351;2;5;389;222; 8
5353;2;1;395;214; 9
5355;3;3;402;213; 1
5356;2;5;398;232;10
5358;2;2;405;321; 8
5359;2;3;395;223; 6
5362;2;3;398;225; 4
5369;2;3;396;224;10
5370;1;2;403;291; 9
5371;2;4;395;272; 4
5373;3;5;400;227; 7
5375;2;1;402;234; 7
5382;3;3;401;210; 5
5386;3;3;388;206; 3
5387;1;5;411;204; 4
5389;1;4;399;260; 6
5390;2;1;397;221;10
5391;1;5;390;215; 1
5392;2;2;404;327;10
5399;2;1;411;217; 2
5402;3;1;389;177; 1
5405;2;5;398;232; 6
5408;1;4;406;285; 1
5414;2;1;405;223; 2
5416;2;1;398;214; 1
5418;2;1;390;216; 3
5421;3;4;394;235; 6
5423;1;1;399;187; 1
5428;1;5;389;211; 7
5430;3;2;399;275; 2
5431;1;4;407;262; 7
5432;2;4;398;287; 1
5436;2;3;396;210; 9
5443;2;5;405;251; 2
5446;2;1;398;216; 6
5450;2;1;406;214; 9
5452;3;2;390;280; 6
5454;2;2;391;285;10
5455;1;4;405;282; 8
5460;2;4;398;283; 7
5461;3;2;398;285; 5
5464;3;5;389;215; 6
5465;1;2;398;283; 4
5466;3;4;393;253; 9
5467;3;3;398;219;10
5468;2;2;394;290; 4
5472;1;5;399;219; 5
5475;2;3;386;224; 1
5479;1;1;400;212; 1
5483;1;1;404;210; 8
5487;2;1;410;217; 7
5490;3;4;401;269; 8
5491;1;3;397;204; 8
5494;2;2;419;323; 9
5503;1;1;400;198;10
5504;1;1;400;188; 9
5505;3;5;397;206; 2
5512;2;1;403;229; 1
5514;1;1;392;201; 2
5520;3;4;397;254; 8
5523;3;2;401;281; 7
5531;3;2;405;292; 1
5533;2;3;403;236; 2
5534;2;5;402;234; 4
5535;1;1;397;205; 8
5537;2;1;405;213; 9
5540;2;5;404;235; 4
5541;3;4;414;267; 2
